{"cameraMode":{"drawMode":0,"name":"Shaded","section":"Shading Mode"},"sceneLighting":true,"audioPlay":false,"sceneViewState":{"showFog":true,"showMaterialUpdate":false,"showSkybox":true,"showFlares":true,"showImageEffects":true,"showParticleSystems":true},"in2DMode":false,"pivot":{"x":5.160243511199951,"y":13.120226860046387,"z":4.281054973602295},"rotation":{"x":-0.42002588510513308,"y":0.0345592126250267,"z":-0.016009381040930749,"w":-0.906712532043457},"size":8.658964157104493,"orthographic":false}