{"cameraMode":{"drawMode":0,"name":"Shaded","section":"Shading Mode"},"sceneLighting":true,"audioPlay":false,"sceneViewState":{"showFog":true,"showMaterialUpdate":false,"showSkybox":true,"showFlares":true,"showImageEffects":true,"showParticleSystems":true},"in2DMode":false,"pivot":{"x":9.662025451660157,"y":14.447408676147461,"z":2.202007293701172},"rotation":{"x":0.2117428034543991,"y":-0.4720871150493622,"z":0.11793732643127442,"w":0.8475787043571472},"size":3.1963088512420656,"orthographic":false}